geohash,avgtimetopark
c2b2muu,4.051
c2b2qkp,4.437
c2b2nxf,2.689
c2b2q64,5.373
c2b2m2z,2.909
c2b2q3b,4.188
c2b2qkb,3.03
c2b2q57,4.54
c2b2q54,3.979
c2b2mum,3.683
c28ryy3,4.609
c2b2nrb,3.226
c2b2npz,2.973
c28ryjw,3.457
c2b2qeq,5.683
c2b2q4g,4.523
c2b2q4u,5.338
c2b2qk2,4.75
c2b2qgd,3.577
c2b2qec,4.244
c2b806u,5.108
c2b2mvn,5.19
c28rvy7,3.301
c2b2r2n,3.482
c2b2qdb,4.025
c2b82ku,3.301
c2b2q26,3.868
c2b2qhq,4.557
c2b2ruv,1.72
c2b2qeb,3.85
c2b2q7r,4.27
c2b2qkc,3.001
c2b2q56,3.975
c2b2q67,4.349
c2b2qdf,3.473
c2b2r7k,2.584
c2b2qkr,3.72
c2b806b,2.956
c28xbms,3.825
c2b2qe7,5.063
c2b2q6d,4.033
c2b2qc8,3.274
c2b807g,1.849
c2b2q00,3.913
c2b2q65,3.588
c2b82e2,1.87
c2b2qex,4.767
c2b2q61,5.387
c2b80r2,3.185
c2b2qe4,3.76
c2b2mgy,3.042
c2b2q7e,4.949
c28xbjw,2.303
c2b2prx,4.279
c2b2q4s,3.566
c2b2qey,3.691
c2b8079,2.266
c2b2qhn,4.07
c2b2qhc,3.962
c2b2r6c,3.082
c2b2ruc,1.283
c2b2qg4,4.477
c2b80p3,2.685
c2b2nz2,3.262
c2b2q7k,3.541
c2b80pq,2.692
c2b2qkt,3.652
c2b2qgb,3.361
c2b2qbg,2.156
c2b2q2z,4.303
c2b2q9k,3.657
c2b2r1m,1.896
c2b80rk,6.874
c2b2m3q,2.71
c2b2mut,5.24
c2b822x,3.893
c2b2q2j,4.201
c2b2qe5,4.634
c2b2nru,4.378
c2b2rg3,3.305
c2b2q7v,3.913
c2b2q8y,3.348
c2b2qe2,3.245
c2b2qev,4.404
c2b2nvt,2.736
c2b2q5z,4.591
c2b2q7y,4.545
c2b2q55,3.638
c2b2psp,1.933
c2b2qdd,4.802
c28rzn8,2.543
c2b2q2h,4.323
c2b2m8m,2.521
c2b2q5r,4.472
c2b2qk4,4.116
c2b2qe1,4.582
c2b2m9x,3.7
c2b2nww,3.414
c2b2q74,5.804
c2b2qf4,5.453
c2b2pzs,2.925
c2b2nzj,3.975
c28rvuz,4.301
c28xbmt,4.232
c2b2qkq,4.342
c2b2qs0,3.819
c2b2nz1,2.643
c2b2q9n,3.797
c2b2jzm,3.29
c2b2qhp,5.078
c2b2qs1,4.679
c2b2qfc,4.19
c2b2qhm,3.688
c2b2qg3,4.889
c2b2q6c,3.816
c2b2qg2,4.547
c2b2njm,3.641
c2b2qg0,4.416
c2b2qfy,2.606
c2b2q97,3.392
c2b2qg1,3.987
c2b2q9m,2.859
c2b2q25,4.03
c2b2qs2,4.901
c28rzq2,4.676
c2b2q7d,4.796
c2b2r77,4.682
c2b2jxy,3.096
c2b2r4v,3.106
c2b2qkx,3.773
c2b2q7u,3.988
c2b807k,2.9
c2b2q7f,5.498
c2b2q42,2.713
c2b2q5y,4.377
c2b2qk9,3.569
c2b2q7q,2.775
c2b2mb5,3.785
c2b2qht,4.154
c2b2q4t,3.975
c2b2qk8,4.445
c2b2j6u,5.188
c2b2muj,3.712
c2b2q88,3.685
c2b2q7g,4.379
c2b2q73,5.058
c2b2q5x,3.67
c2b2hfu,3.048
c2b2qjh,3.275
c2b2mbp,3.52
c2b2qd9,3.337
c2b2qk5,4.014
c2b2q59,4.772
c2b2qdg,5.487
c2b2q1v,4.508
c2b2qc0,3.8
c2b2r6e,2.514
c2b2q6q,3.548
c2b2qkd,4.217
c2b2qj2,3.598
c2b2prz,5.035
c2b2m0z,3.526
c2b2q58,3.361
c2b2q7w,3.876
c2b2pmc,3.392
c2b2m1n,3.274
c2b2qhf,4.347
c2b2q0j,4.496
c2b2mvp,4.158
c2b2q4z,4.112
c2b2kbf,2.851
c2b2q4q,3.552
c2b2q7n,3.776
c2b2qeu,4.718
c2b2q7m,4.875
c2b2qek,3.866
c2b2q7t,3.903
c2b80r6,4.09
c2b2muv,3.805
c2b2mue,3.874
c28ryy6,3.936
c2b2q3n,3.472
c2b2qef,4.879
c28ryjj,2.731
c2b2qkm,4.166
c2b2qk3,4.679
c2b2q7c,4.55
c28rywd,4.262
c2b80r1,4.787
c2b2qj4,5.158
c2b2r2p,3.806
c2b2qeg,3.791
c28rvvk,2.481
c2b2nvs,2.351
c2b2qk0,5.773
c2b2qj0,3.106
c2b2q7z,4.17
c2b2qhj,4.963
c2b2q5p,4.078
c2b2q63,4.001
c2b2r5j,3.151
c2b2pgu,2.71
c2b2pxb,3.894
c2b2qc7,2.886
c2b2qf0,4.333
c2b807d,2.656
c2b2nkb,2.508
c2b2q7h,4.943
c2b2njq,3.538
c2b2jzc,2.967
c2b2q4m,4.389
c2b2q52,3.41
c2b2q7s,3.847
c2b2pd3,3.417
c2b807e,2.516
c2b800h,3.254
c28rzwg,2.949
c2b2r3p,3.837
c2b2ps9,2.327
c2b2ru0,3.26
c2b2k85,4.9
c2b2hfw,3.453
c2b2rsn,3.8
c2b2jte,5.73
c28rzvv,1.693
c2b2rkn,5.317
c2b2nss,3.797
c2b2hfv,4.123
c2b2nnh,3.307
c28ryjr,3.887
c2b2qb6,3.587
c2b2m35,3.567
c2b2jpg,2.947
c2b2q3p,4.097
c2b2nyc,1.99
c28ryj5,2.867
c2b2m84,7.093
c2b2rgw,4.677
c2b2prn,2.507
c2b2pmr,2.43
c2b2m29,2.373
c2b2qf9,4.94
c2b2rg0,4.647
c2b8010,3.17
c2b2mbc,4.813
c2b8277,5.967
c2b2nf6,2.793
c2b2jmw,2.05
c2b2ppw,2.54
c2b2kcj,3.033
c2b2je5,5.473
c2b2reb,3.723
c2b2rs0,6.583
c2b2ny2,4.433
c2b2r2f,4.847
c2b2r2c,3.44
c2b2nv3,2.757
c2b80jn,3.783
c28xbqq,2.72
c2b2kc5,4.387
c2b2ntx,3.517
c2b2jtm,2.373
c2b805b,2.127
c2b2q0s,4.85
c2b2rd0,5.557
c2b2mcm,4.507
c28rvxb,1.917
c2b2qs3,5.057
c2b2pzv,3.703
c2b2m34,2.953
c2b2nnt,3.023
c2b2nvd,4.127
c28rywv,4.163
c2b2ph5,4.627
c2b2m3x,4.637
c28ryyn,2.87
c2b2k23,2.807
c2b2pnt,1.51
c2b2psd,3.83
c2b2kch,4.47
c2b2nr7,4.123
c2b2pc7,1.803
c2b2r2t,4.053
c2b2nqy,5.307
c2b2njv,3.62
c2b2m1t,3.603
c2b2nqp,2.953
c28rzqw,4.027
c2b2ny1,3.797
c2b2pwz,4.81
c2b2he5,2.743
c2b2jpp,3.203
c28rywg,5.253
c2b8234,3.117
c2b2pex,2.29
c2b2jjb,4.45
c28ryre,3.067
c2b2pw5,4.973
c2b2pew,2.397
c2b2m06,3.423
c2b80q4,3.237
c2b2nrr,4.123
c2b2reh,4.01
c2b2r0j,2.219
c2b2m3j,3.192
c2b2r9s,3.65
c2b2jx8,4.244
c2b2m31,3.883
c28rvym,3.903
c2b827m,4.314
c2b2nuc,4.689
c2b2jvv,1.558
c2b80d2,3.375
c2b2nps,4.614
c2b2nz8,4.703
c28rzvz,3.811
c2b2nzp,4.975
c2b2rd8,3.444
c2b2q0d,6.572
c2b2r20,3.444
c2b2p96,4.344
c28rynd,4.583
c2b2nqj,4.756
c2b2p02,4.769
c2b2njs,3.108
c2b2jjk,1.653
c2b2r03,3.108
c2b2m0r,4.156
c2b2m0x,4.711
c2b2j9c,3.856
c2b2prp,3.894
c2b2res,4.392
c2b2mbe,4.836
c2b2hvw,3.783
c2b822t,4.667
c2b2r78,3.294
c2b2rdg,3.269
c2b2nw9,3.025
c2b2kbr,3.85
c2b80p1,4.919
c2b2mfr,4.425
c28rvyu,4.169
c2b2jx1,2.758
c2b2p86,4.119
c2b8235,5.475
c2b2j5b,1.942
c2b2kcf,2.792
c2b2jzw,5.794
c2b2rgk,2.686
c2b2j7q,4.381
c2b2jk9,1.797
c2b2jb3,6.617
c2b2j4d,5.097
c2b2m0p,1.919
c2b2q40,5.897
c2b2m17,3.572
c2b82hh,2.978
c2b2r0s,5.144
c2b2r5x,7.2
c2b2jdc,4.661
c2b2m3k,2.811
c28ryyu,2.344
c2b8211,3.469
c2b2mc2,4.992
c2b2k88,3.158
c2b80kk,2.969
c2b2n3t,3.686
c2b2m2k,2.286
c2b2pz8,4.353
c2b2q2w,5.247
c2b2psm,3.442
c28rvvf,3.519
c2b2q0t,5.186
c2b2qbx,3.997
c2b2nst,2.344
c2b2nht,6.486
c2b2r92,6.914
c2b2nxc,6.681
c2b2pyc,3.222
c28ryyx,4.806
c2b2rv0,2.389
c2b2npr,5.103
c2b2n3p,4.319
c2b2q07,4.014
c28rzqj,2.625
c2b2huf,2.536
c2b805j,5.169
c2b2r7z,2.956
c2b80jj,3.611
c2b2r76,3.389
c2b2m9q,4.698
c2b2j16,2.688
c2b2rd9,3.133
c2b2nr4,3.702
c28rvtv,2.071
c2b2q1g,6.074
c2b8250,2.869
c2b2kbk,2.748
c2b2nvy,3.702
c2b2jd2,2.643
c2b2jt6,3.271
c2b2n4v,3.979
c2b80rj,6.162
c28ryj6,3.114
c2b2hmr,2.633
c2b2r7d,5.081
c2b2nk5,2.231
c28rvwh,2.007
c2b2mce,2.655
c2b2nmv,3.748
c2b2jsc,3.964
c2b2jxw,5.071
c2b2j49,2.541
c28rvv8,2.376
c2b2qd0,5.976
c2b80p0,4.664
c2b2jx9,3.541
c2b2nyz,3.024
c28rywu,5.157
c2b2pyd,3.967
c2b2j2g,3.652
c2b2prg,4.069
c2b80r4,5.531
c2b2juj,4.793
c2b2nv9,3.952
c2b2j6t,3.967
c28ryyv,2.138
c2b2qd8,3.75
c2b2m8t,5.171
c2b2n60,2.555
c2b2nsk,4.298
c2b2p00,1.948
c2b2pgf,3.995
c28ryj1,3.845
c2b2kb7,4.233
c2b2ped,3.469
c2b2nrs,4.955
c2b2npx,6.157
c28rywx,9.705
c2b827j,3.495
c2b2pnd,3.269
c2b2jz8,3.719
c2b2m2b,2.962
c2b2k0n,4.371
c2b2jt1,3.771
c2b2nrq,3.719
c28xbqy,2.5
c2b2npd,5.429
c2b82d8,2.638
c2b2rgq,3.302
c2b2r7y,4.638
c2b2hv6,5.255
c2b2j4f,4.755
c2b2q3y,6.91
c2b2r3g,3.083
c2b8233,2.114
c2b2r7r,3.614
c28ryy8,3.412
c2b2m2p,6.702
c28rvzt,3.105
c2b2pdf,4.04
c2b2nwt,2.642
c2b2pv3,3.602
c28xbme,5.752
c2b2m11,4.333
c28ryw3,5.85
c2b2rsq,3.808
c2b2mc0,4.519
c2b2md7,3.456
c2b2re3,3.717
c2b2pq3,2.177
c2b80m0,3.792
c2b2k2g,2.117
c2b8214,2.844
c2b2j2u,1.815
c2b2r25,3.292
c2b2re1,2.95
c2b2pj8,4.315
c2b2m30,2.569
c2b2j41,3.09
c2b2nyu,2.746
c2b2rub,4.554
c2b2mby,4.198
c2b806z,4.194
c2b2nn9,2.129
c28rynp,3.442
c2b2rh4,6.848
c2b2nbz,2.752
c2b2n6c,4.975
c2b2jy7,2.365
c2b2m3p,3.771
c2b2r6x,4.415
c2b2ny9,3.404
c2b2j7n,4.592
c2b2q9z,2.94
c2b2pk9,3.4
c2b2nc0,3.01
c2b2r4t,4.742
c2b2m8h,3.406
c28rzpe,2.721
c2b2r0k,4.192
c2b2r82,3.158
c2b2n9h,4.708
c2b2j4e,4.481
c2b2r6p,4.502
c2b2p2b,3.521
c2b2jxs,5.167
c2b2nx4,2.85
c2b2j2x,2.752
c2b8005,3.404
c2b2rg8,3.121
c2b82kh,3.356
c2b2hf8,1.565
c28ryyr,6.135
c28rynh,5.306
c2b2hth,3.058
c2b2qb7,3.006
c2b2psf,2.91
c2b2nr6,2.969
c2b2npf,6.517
c2b820f,2.577
c2b2r6s,5.106
c2b2kbd,5.121
c2b2qb2,6.363
c2b82kg,3.502
c2b2r6w,4.196
c2b2m24,4.908
c2b2pt3,5.898
c2b2rsx,3.385
c28rzvu,3.933
c2b2m3n,3.013
c28ryhb,3.344
c2b2m83,3.885
c2b2m07,5.039
c2b2m8u,4.519
c2b824f,4.513
c2b2nrn,3.922
c2b2jz5,3.457
c2b2p93,4.385
c28ryn4,3.661
c2b2q2e,4.698
c2b2pe8,2.896
c2b2q9d,3.989
c2b2np6,3.222
c2b2qck,2.761
c2b2m00,2.543
c2b2np0,2.743
c2b80jg,4.194
c28rvvp,3.606
c2b2nhz,3.196
c2b2n2v,4.965
c2b2pd6,4.624
c2b2r59,4.504
c2b8071,4.211
c2b2nmw,3.293
c2b2rdf,3.965
c2b824c,3.58
c2b2n4s,3.515
c2b2pzj,3.109
c2b2n5h,3.73
c28ryqs,5.276
c2b2je1,3.306
c2b2p63,3.369
c2b2pxc,4.05
c2b80rt,7.939
c2b2rec,4.524
c28ryvv,6.752
c2b2jwf,4.185
c2b2nz3,3.989
c2b2nv0,3.565
c2b2njr,4.574
c28rzrc,4.911
c2b2reg,3.398
c2b8292,4.408
c2b2n7g,4.915
c2b2r2z,5.777
c2b2qgw,3.805
c28ryrh,4.96
c2b2nx6,3.795
c28rvvq,3.517
c2b807u,1.918
c28ryqe,4.985
c2b2q9j,3.252
c2b2q9s,4.323
c2b807f,2.3
c2b2mfy,3.018
c2b2m0k,2.785
c2b2nwy,3.482
c2b2qgt,3.592
c2b2nmt,6.963
c2b2q6x,7.2
c2b2kbe,2.607
c2b2qbd,4.447
c2b2mbj,4.427
c2b2muw,3.093
c2b2quj,3.527
c2b2qbp,3.262
c2b2r53,3.205
c2b2mcz,7.4
c2b2m89,3.758
c2b80hj,2.178
c2b2qem,5.328
c2b2m86,3.835
c2b2r4u,4.563
c2b2hxn,3.493
c2b2r3z,5.712
c2b2jb5,4.432
c2b2mc5,4.25
c2b2r5c,4.353
c2b2m1s,2.555
c2b2nxj,3.843
c2b8252,4.75
c2b2m8j,4.098
c2b827k,4.77
c2b2mgs,4.388
c2b2mv6,4.315
c2b2ptb,2.06
c2b2qgn,5.327
c2b2m9u,5.505
c2b2m8d,4.605
c28rvys,4.782
c2b2pnp,5.118
c28ryju,4.455
c2b2mb3,4.115
c2b2m8y,4.378
c2b2m9g,3.582
c2b2r2x,3.956
c2b2jxz,3.949
c2b2r8c,6.179
c2b2p42,3.159
c2b2jxe,3.938
c2b2q86,5.799
c28ryye,3.027
c2b2jz3,3.82
c2b2nxv,4.376
c2b2nmm,3.871
c2b2k26,1.97
c2b8280,4.082
c2b2r4n,2.986
c2b820d,4.003
c2b2nzx,4.589
c2b2q1w,4.67
c2b2ru2,3.079
c2b2q8h,3.617
c2b2m2r,3.646
c2b804z,3.611
c2b2q5d,4.036
c2b2hv5,3.523
c2b2m20,3.677
c2b2p7f,2.508
c2b2qct,3.808
c2b80p4,4.649
c2b2r7p,2.364
c2b2nz4,3.018
c2b2pw2,3.992
c2b2hz4,3.012
c2b2r1f,4.333
c2b2mc6,5.439
c2b2psn,3.905
c2b2m8z,4.774
c2b2kbg,2.115
c2b2ncp,3.646
c2b2r7h,3.98
c2b2mbz,3.73
c2b2nxq,2.533
c2b2r3n,3.909
c2b2m8v,4.064
c28ryvy,4.53
c2b2m9y,4.749
c2b2qgs,4.585
c2b2r9k,2.208
c2b2q05,3.717
c2b2jz6,4.799
c28rzrf,6.662
c2b2nz5,3.756
c28ryj3,4.465
c2b2nk7,2.792
c2b80mc,4.76
c2b2q9h,4.731
c2b2m88,2.996
c28ryq5,4.976
c2b2npu,4.581
c2b2m0h,4.188
c2b2pze,3.914
c2b2ncz,2.833
c2b2m0q,2.601
c2b2jz7,3.735
c2b806d,3.868
c2b2ncv,1.828
c2b2npj,3.408
c2b2np2,3.96
c2b2mdn,4.739
c2b823n,2.551
c2b2q8w,3.715
c2b2qcc,3.761
c2b2je0,4.622
c28xbt2,2.711
c2b2jd8,5.269
c2b2nqw,3.353
c2b2re2,5.054
c28rywk,5.011
c2b2jru,2.492
c2b2req,2.907
c2b8074,2.913
c2b2q3u,4.444
c2b2psb,2.838
c28ryje,4.557
c2b2nr8,4.449
c2b2je3,4.735
c2b2r4r,3.106
c2b2m9j,4.764
c2b2nxg,2.826
c2b2pgq,2.328
c2b2q7p,4.903
c2b2q9p,4.276
c2b2r5d,4.087
c28ryw7,5.11
c2b2nb0,3.8
c2b2qus,8.423
c2b2n3s,2.578
c2b2rg7,3.064
c2b2nxb,4.006
c2b2r66,3.828
c2b2kbq,2.5
c2b80k3,2.986
c2b2nz9,5.183
c2b2mb9,3.773
c2b2r75,2.989
c2b2r5g,6.15
c2b2qg9,4.364
c28ryq3,2.01
c2b8075,4.033
c2b2p11,3.731
c2b8067,3.849
c28rvyk,3.723
c2b2pj0,2.701
c2b2np4,2.417
c2b2r7m,4.942
c2b2jrg,2.53
c2b2r3q,4.978
c2b2jky,1.801
c2b2muc,3.526
c2b2m3m,3.524
c2b2r7v,6.54
c2b2nsx,3.624
c2b2q8d,3.517
c2b2pzr,2.799
c28ryne,3.776
c2b2mb1,2.831
c2b2rer,2.886
c2b2m8f,3.827
c2b2qen,4.967
c2b2rem,4.137
c2b2qge,4.09
c2b2n7v,3.396
c2b2ppb,1.882
c2b2r3e,2.395
c2b2nrk,4.458
c28ryq0,2.78
c2b2r73,3.106
c2b2q94,3.771
c2b2m93,3.212
c2b2pmk,2.039
c2b2q12,6.268
c2b2hv4,2.688
c2b2q1z,5.298
c2b2q1f,6.825
c2b2m0n,3.042
c2b2nrf,4.229
c2b2qs8,3.011
c2b2psq,2.439
c2b2r0p,2.375
c2b2nre,4.123
c2b2r31,2.869
c2b2p10,3.275
c2b2nsz,3.199
c2b2rgr,3.013
c2b2jzg,4.254
c28rvyh,4.223
c2b2pw8,2.47
c2b2q3h,1.952
c2b2re7,3.758
c2b2m97,3.632
c2b2q89,3.923
c2b823z,1.877
c2b2jxu,3.412
c2b2nzw,2.294
c2b2q13,4.13
c2b2n6m,5.094
c2b2m3t,4.334
c2b2nu9,3.184
c2b2q3g,3.898
c2b2r0w,5.168
c2b804y,1.858
c2b2r57,5.298
c2b2r1c,3.613
c2b2npm,3.92
c2b2mbm,3.592
c2b2pnb,3.064
c2b2r2q,3.101
c2b2pst,6.642
c2b2psk,3.506
c2b2m9m,4.443
c2b2r5h,2.758
c2b2r2j,3.399
c2b2qjk,3.47
c2b2q2n,4.304
c2b2n7t,3.02
c2b2mb8,3.546
c2b2r3r,4.639
c2b2qhd,3.55
c2b2re6,3.99
c28xbjs,4.186
c2b2q8e,4.038
c2b2q95,3.456
c2b2nz0,4.084
c2b2qbf,3.866
c2b2nu0,3.521
c2b2m8c,3.777
c2b2p69,3.389
c2b2hyg,2.581
c28ryqv,3.473
c2b2p51,2.719
c2b2nr1,3.388
c2b2q8t,4.556
c2b2prf,3.456
c2b2r69,2.875
c2b2p30,2.967
c2b2r3x,5.621
c2b2pry,3.924
c2b2j7p,4.523
c2b2qh4,3.84
c2b2nz6,3.858
c2b2qgk,5.968
c2b2r7g,7.137
c2b2nrd,5.853
c2b2mgk,5.204
c2b2pw1,2.442
c2b2jzj,4.25
c2b2m22,2.501
c2b2rdy,3.789
c2b2ncx,3.614
c2b2q51,4.48
c2b2q04,4.248
c2b2m9n,3.314
c2b2hgj,1.93
c2b2pmf,4.237
c2b2r72,3.36
c2b2kb5,3.172
c2b2r3w,3.898
c2b805n,3.093
c2b2nwp,2.976
c2b2hxq,2.242
c2b2r6r,2.849
c2b2hz7,1.463
c28rzqk,3.03
c2b2qgr,4.622
c2b2qkf,4.454
c2b2jr0,2.242
c2b2r63,3.162
c2b2mgt,4.045
c2b80e0,2.756
c2b2pss,2.459
c2b2q22,4.521
c2b2rdv,3.489
c2b2m9f,4.682
c2b2mcj,3.444
c2b2pdc,3.782
c2b2pmp,3.424
c2b2r5f,4.512
c2b2j7h,2.729
c28ryqw,4.292
c2b2qep,4.6
c2b2nz7,3.686
c2b2q5e,4.502
c2b2jzr,4.152
c2b2m99,3.699
c2b2qgx,4.291
c2b823t,3.153
c28rzps,3.095
c2b2q8j,3.228
c2b2r56,3.614
c2b2jzt,4.668
c2b2q23,5.16
c2b2q2k,4.251
c2b2qbc,3.311
c2b804x,1.974
c2b2m9h,4.752
c2b2q9e,3.245
c2b2pmx,3.05
c2b2m90,3.234
c2b2jp6,3.061
c2b2rkj,5.929
c28xbmw,4.197
c2b2r6d,3.85
c2b8253,3.797
c2b2nr9,4.276
c2b2nxu,4.094
c2b2nrw,3.855
c2b2n90,2.68
c2b2m9s,4.286
c2b2m38,2.489
c2b2jzd,3.372
c2b2qgq,4.238
c2b2pnk,1.956
c2b2m8p,2.296
c2b2m81,3.558
c2b2qbe,4.232
c2b2nzd,3.46
c2b2mb2,3.553
c2b80rx,4.603
c2b2q84,4.326
c2b2jdb,4.524
c2b2qhe,4.503
c2b2r7s,4.476
c2b2nrm,4.044
c2b2ntj,3.01
c2b823r,3.151
c2b2q08,4.414
c2b2mb7,4.254
c28rvy5,4.539
c2b2q0h,5.012
c2b2nxm,2.727
c2b2q24,4.702
c2b2nry,5.171
c2b2qb4,3.908
c28ryjf,4.44
c2b2qbj,2.956
c2b2pv8,2.195
c2b2mck,4.71
c2b2n9p,3.633
c2b2nxy,3.852
c2b2kc4,2.308
c2b2pdd,3.799
c28xbmd,4.305
c2b2mbs,4.202
c2b2pgr,2.133
c2b2mb0,3.085
c2b2mc3,4.359
c2b2nxp,3.087
c2b2q5s,4.849
c2b2q8z,4.119
c2b2nub,2.506
c2b2q5q,4.842
c2b2mx2,2.733
c2b2qcv,5.163
c2b2qe0,6.574
c2b2r5s,2.401
c28rvvr,2.911
c2b2pp0,1.837
c2b2mvm,3.398
c2b2mgx,3.795
c2b2red,4.375
c2b2mbw,2.955
c2b2j6y,3.878
c2b2q8q,3.517
c2b2m3w,3.426
c28rznr,3.459
c2b2qc6,3.765
c2b2j6z,3.956
c2b2m8q,4.039
c2b2qgz,3.671
c2b2m80,3.504
c2b2jzb,3.38
c2b2q8k,4.092
c2b2qcs,4.619
c2b2nzu,4.111
c28ryzy,2.278
c2b2jjj,2.898
c2b2jt3,3.401
c2b2q90,4.563
c2b2ncr,2.969
c2b2m91,3.81
c2b80r0,3.068
c2b2qb8,3.804
c2b2nu8,4.67
c2b2hv7,3.855
c2b825e,3.151
c2b2n2h,2.549
c2b2r5k,3.639
c2b2m9w,3.405
c2b2r5q,4.057
c2b2q96,4.033
c2b2pw4,2.567
c2b2r19,3.585
c2b2r3f,3.519
c2b2mcr,3.461
c2b2r6f,4.283
c28ryqm,3.142
c2b2m9v,2.807
c2b2re9,3.831
c2b2r1t,2.958
c2b2r7u,3.544
c2b2rek,2.381
c2b2q9x,4.603
c2b8210,2.282
c2b2r7e,4.272
c2b8066,2.224
c2b2qbb,3.968
c2b2q80,3.575
c2b2qhh,3.671
c28ryjq,2.862
c2b2pzq,2.04
c2b2jxf,4.22
c2b2j6v,5.77
c2b2pnc,2.438
c2b2mbt,3.075
c2b2jxg,4.095
c2b2q81,2.752
c2b2nzt,2.466
c2b2rs1,6.661
c2b2m9r,4.084
c2b2rg6,2.866
c2b2qg7,4.286
c2b2mgp,3.194
c2b2pd9,4.388
c2b2rc3,2.231
c2b8273,2.772
c2b2npy,4.59
c2b2r3b,2.023
c2b2kb4,3.532
c2b8076,3.137
c2b80e2,3.101
c2b2r71,3.019
c2b2qg6,4.337
c2b2qgp,2.797
c2b2q18,4.928
